0,1
1,0
0,2
2,0
0,3
3,0
0,4
4,0
0,5
5,0
1,2
2,1
1,3
3,1
1,4
4,1
1,5
5,1
2,3
3,2
2,4
4,2
2,5
5,2
3,4
4,3
3,5
5,3
4,5
5,4
0,6
6,0
0,7
7,0
0,8
8,0
0,9
9,0
1,10
10,1
1,11
11,1
1,12
12,1
1,13
13,1
1,14
14,1
2,15
15,2
2,16
16,2
2,17
17,2
2,18
18,2
2,19
19,2
2,20
20,2
2,21
21,2
2,22
22,2
3,23
23,3
3,24
24,3
3,25
25,3
3,26
26,3
3,27
27,3
4,28
28,4
4,29
29,4
4,30
30,4
4,31
31,4
4,32
32,4
4,33
33,4
4,34
34,4
4,35
35,4
4,36
36,4
4,37
37,4
4,38
38,4
5,39
39,5
5,40
40,5
41,42
42,41
41,43
43,41
41,44
44,41
41,45
45,41
41,46
46,41
42,43
43,42
42,44
44,42
42,45
45,42
42,46
46,42
43,44
44,43
43,45
45,43
43,46
46,43
44,45
45,44
44,46
46,44
45,46
46,45
41,47
47,41
41,48
48,41
41,49
49,41
41,50
50,41
42,51
51,42
42,52
52,42
42,53
53,42
42,54
54,42
42,55
55,42
43,56
56,43
43,57
57,43
43,58
58,43
43,59
59,43
43,60
60,43
43,61
61,43
43,62
62,43
43,63
63,43
44,64
64,44
44,65
65,44
44,66
66,44
44,67
67,44
44,68
68,44
45,69
69,45
45,70
70,45
45,71
71,45
45,72
72,45
45,73
73,45
45,74
74,45
45,75
75,45
45,76
76,45
45,77
77,45
45,78
78,45
45,79
79,45
46,80
80,46
46,81
81,46
82,83
83,82
82,84
84,82
82,85
85,82
82,86
86,82
82,87
87,82
83,84
84,83
83,85
85,83
83,86
86,83
83,87
87,83
84,85
85,84
84,86
86,84
84,87
87,84
85,86
86,85
85,87
87,85
86,87
87,86
82,88
88,82
82,89
89,82
82,90
90,82
82,91
91,82
83,92
92,83
83,93
93,83
83,94
94,83
83,95
95,83
83,96
96,83
84,97
97,84
84,98
98,84
84,99
99,84
84,100
100,84
84,101
101,84
84,102
102,84
84,103
103,84
84,104
104,84
85,105
105,85
85,106
106,85
85,107
107,85
85,108
108,85
85,109
109,85
86,110
110,86
86,111
111,86
86,112
112,86
86,113
113,86
86,114
114,86
86,115
115,86
86,116
116,86
86,117
117,86
86,118
118,86
86,119
119,86
86,120
120,86
87,121
121,87
87,122
122,87
123,124
124,123
123,125
125,123
123,126
126,123
123,127
127,123
123,128
128,123
124,125
125,124
124,126
126,124
124,127
127,124
124,128
128,124
125,126
126,125
125,127
127,125
125,128
128,125
126,127
127,126
126,128
128,126
127,128
128,127
123,129
129,123
123,130
130,123
123,131
131,123
123,132
132,123
124,133
133,124
124,134
134,124
124,135
135,124
124,136
136,124
124,137
137,124
125,138
138,125
125,139
139,125
125,140
140,125
125,141
141,125
125,142
142,125
125,143
143,125
125,144
144,125
125,145
145,125
126,146
146,126
126,147
147,126
126,148
148,126
126,149
149,126
126,150
150,126
127,151
151,127
127,152
152,127
127,153
153,127
127,154
154,127
127,155
155,127
127,156
156,127
127,157
157,127
127,158
158,127
127,159
159,127
127,160
160,127
127,161
161,127
128,162
162,128
128,163
163,128
164,165
165,164
164,166
166,164
164,167
167,164
164,168
168,164
164,169
169,164
165,166
166,165
165,167
167,165
165,168
168,165
165,169
169,165
166,167
167,166
166,168
168,166
166,169
169,166
167,168
168,167
167,169
169,167
168,169
169,168
164,170
170,164
164,171
171,164
164,172
172,164
164,173
173,164
165,174
174,165
165,175
175,165
165,176
176,165
165,177
177,165
165,178
178,165
166,179
179,166
166,180
180,166
166,181
181,166
166,182
182,166
166,183
183,166
166,184
184,166
166,185
185,166
166,186
186,166
167,187
187,167
167,188
188,167
167,189
189,167
167,190
190,167
167,191
191,167
168,192
192,168
168,193
193,168
168,194
194,168
168,195
195,168
168,196
196,168
168,197
197,168
168,198
198,168
168,199
199,168
168,200
200,168
168,201
201,168
168,202
202,168
169,203
203,169
169,204
204,169
205,206
206,205
205,207
207,205
205,208
208,205
205,209
209,205
205,210
210,205
206,207
207,206
206,208
208,206
206,209
209,206
206,210
210,206
207,208
208,207
207,209
209,207
207,210
210,207
208,209
209,208
208,210
210,208
209,210
210,209
205,211
211,205
205,212
212,205
205,213
213,205
205,214
214,205
206,215
215,206
206,216
216,206
206,217
217,206
206,218
218,206
206,219
219,206
207,220
220,207
207,221
221,207
207,222
222,207
207,223
223,207
207,224
224,207
207,225
225,207
207,226
226,207
207,227
227,207
208,228
228,208
208,229
229,208
208,230
230,208
208,231
231,208
208,232
232,208
209,233
233,209
209,234
234,209
209,235
235,209
209,236
236,209
209,237
237,209
209,238
238,209
209,239
239,209
209,240
240,209
209,241
241,209
209,242
242,209
209,243
243,209
210,244
244,210
210,245
245,210
246,247
247,246
246,248
248,246
246,249
249,246
246,250
250,246
246,251
251,246
247,248
248,247
247,249
249,247
247,250
250,247
247,251
251,247
248,249
249,248
248,250
250,248
248,251
251,248
249,250
250,249
249,251
251,249
250,251
251,250
246,252
252,246
246,253
253,246
246,254
254,246
246,255
255,246
247,256
256,247
247,257
257,247
247,258
258,247
247,259
259,247
247,260
260,247
248,261
261,248
248,262
262,248
248,263
263,248
248,264
264,248
248,265
265,248
248,266
266,248
248,267
267,248
248,268
268,248
249,269
269,249
249,270
270,249
249,271
271,249
249,272
272,249
249,273
273,249
250,274
274,250
250,275
275,250
250,276
276,250
250,277
277,250
250,278
278,250
250,279
279,250
250,280
280,250
250,281
281,250
250,282
282,250
250,283
283,250
250,284
284,250
251,285
285,251
251,286
286,251
287,288
288,287
287,289
289,287
287,290
290,287
287,291
291,287
287,292
292,287
288,289
289,288
288,290
290,288
288,291
291,288
288,292
292,288
289,290
290,289
289,291
291,289
289,292
292,289
290,291
291,290
290,292
292,290
291,292
292,291
287,293
293,287
287,294
294,287
287,295
295,287
287,296
296,287
288,297
297,288
288,298
298,288
288,299
299,288
288,300
300,288
288,301
301,288
289,302
302,289
289,303
303,289
289,304
304,289
289,305
305,289
289,306
306,289
289,307
307,289
289,308
308,289
289,309
309,289
290,310
310,290
290,311
311,290
290,312
312,290
290,313
313,290
290,314
314,290
291,315
315,291
291,316
316,291
291,317
317,291
291,318
318,291
291,319
319,291
291,320
320,291
291,321
321,291
291,322
322,291
291,323
323,291
291,324
324,291
291,325
325,291
292,326
326,292
292,327
327,292
328,329
329,328
328,330
330,328
328,331
331,328
328,332
332,328
328,333
333,328
329,330
330,329
329,331
331,329
329,332
332,329
329,333
333,329
330,331
331,330
330,332
332,330
330,333
333,330
331,332
332,331
331,333
333,331
332,333
333,332
328,334
334,328
328,335
335,328
328,336
336,328
328,337
337,328
329,338
338,329
329,339
339,329
329,340
340,329
329,341
341,329
329,342
342,329
330,343
343,330
330,344
344,330
330,345
345,330
330,346
346,330
330,347
347,330
330,348
348,330
330,349
349,330
330,350
350,330
331,351
351,331
331,352
352,331
331,353
353,331
331,354
354,331
331,355
355,331
332,356
356,332
332,357
357,332
332,358
358,332
332,359
359,332
332,360
360,332
332,361
361,332
332,362
362,332
332,363
363,332
332,364
364,332
332,365
365,332
332,366
366,332
333,367
367,333
333,368
368,333
369,370
370,369
369,371
371,369
369,372
372,369
369,373
373,369
369,374
374,369
370,371
371,370
370,372
372,370
370,373
373,370
370,374
374,370
371,372
372,371
371,373
373,371
371,374
374,371
372,373
373,372
372,374
374,372
373,374
374,373
369,375
375,369
369,376
376,369
369,377
377,369
369,378
378,369
370,379
379,370
370,380
380,370
370,381
381,370
370,382
382,370
370,383
383,370
371,384
384,371
371,385
385,371
371,386
386,371
371,387
387,371
371,388
388,371
371,389
389,371
371,390
390,371
371,391
391,371
372,392
392,372
372,393
393,372
372,394
394,372
372,395
395,372
372,396
396,372
373,397
397,373
373,398
398,373
373,399
399,373
373,400
400,373
373,401
401,373
373,402
402,373
373,403
403,373
373,404
404,373
373,405
405,373
373,406
406,373
373,407
407,373
374,408
408,374
374,409
409,374
410,411
411,410
410,412
412,410
410,413
413,410
410,414
414,410
410,415
415,410
411,412
412,411
411,413
413,411
411,414
414,411
411,415
415,411
412,413
413,412
412,414
414,412
412,415
415,412
413,414
414,413
413,415
415,413
414,415
415,414
410,416
416,410
410,417
417,410
410,418
418,410
410,419
419,410
411,420
420,411
411,421
421,411
411,422
422,411
411,423
423,411
411,424
424,411
412,425
425,412
412,426
426,412
412,427
427,412
412,428
428,412
412,429
429,412
412,430
430,412
412,431
431,412
412,432
432,412
413,433
433,413
413,434
434,413
413,435
435,413
413,436
436,413
413,437
437,413
414,438
438,414
414,439
439,414
414,440
440,414
414,441
441,414
414,442
442,414
414,443
443,414
414,444
444,414
414,445
445,414
414,446
446,414
414,447
447,414
414,448
448,414
415,449
449,415
415,450
450,415
451,452
452,451
451,453
453,451
451,454
454,451
451,455
455,451
451,456
456,451
452,453
453,452
452,454
454,452
452,455
455,452
452,456
456,452
453,454
454,453
453,455
455,453
453,456
456,453
454,455
455,454
454,456
456,454
455,456
456,455
451,457
457,451
451,458
458,451
451,459
459,451
451,460
460,451
452,461
461,452
452,462
462,452
452,463
463,452
452,464
464,452
452,465
465,452
453,466
466,453
453,467
467,453
453,468
468,453
453,469
469,453
453,470
470,453
453,471
471,453
453,472
472,453
453,473
473,453
454,474
474,454
454,475
475,454
454,476
476,454
454,477
477,454
454,478
478,454
455,479
479,455
455,480
480,455
455,481
481,455
455,482
482,455
455,483
483,455
455,484
484,455
455,485
485,455
455,486
486,455
455,487
487,455
455,488
488,455
455,489
489,455
456,490
490,456
456,491
491,456
492,493
493,492
492,494
494,492
492,495
495,492
492,496
496,492
492,497
497,492
493,494
494,493
493,495
495,493
493,496
496,493
493,497
497,493
494,495
495,494
494,496
496,494
494,497
497,494
495,496
496,495
495,497
497,495
496,497
497,496
492,498
498,492
492,499
499,492
492,500
500,492
492,501
501,492
493,502
502,493
493,503
503,493
493,504
504,493
493,505
505,493
493,506
506,493
494,507
507,494
494,508
508,494
494,509
509,494
494,510
510,494
494,511
511,494
494,512
512,494
494,513
513,494
494,514
514,494
495,515
515,495
495,516
516,495
495,517
517,495
495,518
518,495
495,519
519,495
496,520
520,496
496,521
521,496
496,522
522,496
496,523
523,496
496,524
524,496
496,525
525,496
496,526
526,496
496,527
527,496
496,528
528,496
496,529
529,496
496,530
530,496
497,531
531,497
497,532
532,497
533,534
534,533
533,535
535,533
533,536
536,533
533,537
537,533
533,538
538,533
534,535
535,534
534,536
536,534
534,537
537,534
534,538
538,534
535,536
536,535
535,537
537,535
535,538
538,535
536,537
537,536
536,538
538,536
537,538
538,537
533,539
539,533
533,540
540,533
533,541
541,533
533,542
542,533
534,543
543,534
534,544
544,534
534,545
545,534
534,546
546,534
534,547
547,534
535,548
548,535
535,549
549,535
535,550
550,535
535,551
551,535
535,552
552,535
535,553
553,535
535,554
554,535
535,555
555,535
536,556
556,536
536,557
557,536
536,558
558,536
536,559
559,536
536,560
560,536
537,561
561,537
537,562
562,537
537,563
563,537
537,564
564,537
537,565
565,537
537,566
566,537
537,567
567,537
537,568
568,537
537,569
569,537
537,570
570,537
537,571
571,537
538,572
572,538
538,573
573,538
574,575
575,574
574,576
576,574
574,577
577,574
574,578
578,574
574,579
579,574
575,576
576,575
575,577
577,575
575,578
578,575
575,579
579,575
576,577
577,576
576,578
578,576
576,579
579,576
577,578
578,577
577,579
579,577
578,579
579,578
574,580
580,574
574,581
581,574
574,582
582,574
574,583
583,574
575,584
584,575
575,585
585,575
575,586
586,575
575,587
587,575
575,588
588,575
576,589
589,576
576,590
590,576
576,591
591,576
576,592
592,576
576,593
593,576
576,594
594,576
576,595
595,576
576,596
596,576
577,597
597,577
577,598
598,577
577,599
599,577
577,600
600,577
577,601
601,577
578,602
602,578
578,603
603,578
578,604
604,578
578,605
605,578
578,606
606,578
578,607
607,578
578,608
608,578
578,609
609,578
578,610
610,578
578,611
611,578
578,612
612,578
579,613
613,579
579,614
614,579
615,616
616,615
615,617
617,615
615,618
618,615
615,619
619,615
615,620
620,615
616,617
617,616
616,618
618,616
616,619
619,616
616,620
620,616
617,618
618,617
617,619
619,617
617,620
620,617
618,619
619,618
618,620
620,618
619,620
620,619
615,621
621,615
615,622
622,615
615,623
623,615
615,624
624,615
616,625
625,616
616,626
626,616
616,627
627,616
616,628
628,616
616,629
629,616
617,630
630,617
617,631
631,617
617,632
632,617
617,633
633,617
617,634
634,617
617,635
635,617
617,636
636,617
617,637
637,617
618,638
638,618
618,639
639,618
618,640
640,618
618,641
641,618
618,642
642,618
619,643
643,619
619,644
644,619
619,645
645,619
619,646
646,619
619,647
647,619
619,648
648,619
619,649
649,619
619,650
650,619
619,651
651,619
619,652
652,619
619,653
653,619
620,654
654,620
620,655
655,620
656,657
657,656
656,658
658,656
656,659
659,656
656,660
660,656
656,661
661,656
657,658
658,657
657,659
659,657
657,660
660,657
657,661
661,657
658,659
659,658
658,660
660,658
658,661
661,658
659,660
660,659
659,661
661,659
660,661
661,660
656,662
662,656
656,663
663,656
656,664
664,656
656,665
665,656
657,666
666,657
657,667
667,657
657,668
668,657
657,669
669,657
657,670
670,657
658,671
671,658
658,672
672,658
658,673
673,658
658,674
674,658
658,675
675,658
658,676
676,658
658,677
677,658
658,678
678,658
659,679
679,659
659,680
680,659
659,681
681,659
659,682
682,659
659,683
683,659
660,684
684,660
660,685
685,660
660,686
686,660
660,687
687,660
660,688
688,660
660,689
689,660
660,690
690,660
660,691
691,660
660,692
692,660
660,693
693,660
660,694
694,660
661,695
695,661
661,696
696,661
697,698
698,697
697,699
699,697
697,700
700,697
697,701
701,697
697,702
702,697
698,699
699,698
698,700
700,698
698,701
701,698
698,702
702,698
699,700
700,699
699,701
701,699
699,702
702,699
700,701
701,700
700,702
702,700
701,702
702,701
697,703
703,697
697,704
704,697
697,705
705,697
697,706
706,697
698,707
707,698
698,708
708,698
698,709
709,698
698,710
710,698
698,711
711,698
699,712
712,699
699,713
713,699
699,714
714,699
699,715
715,699
699,716
716,699
699,717
717,699
699,718
718,699
699,719
719,699
700,720
720,700
700,721
721,700
700,722
722,700
700,723
723,700
700,724
724,700
701,725
725,701
701,726
726,701
701,727
727,701
701,728
728,701
701,729
729,701
701,730
730,701
701,731
731,701
701,732
732,701
701,733
733,701
701,734
734,701
701,735
735,701
702,736
736,702
702,737
737,702
738,739
739,738
738,740
740,738
738,741
741,738
738,742
742,738
738,743
743,738
739,740
740,739
739,741
741,739
739,742
742,739
739,743
743,739
740,741
741,740
740,742
742,740
740,743
743,740
741,742
742,741
741,743
743,741
742,743
743,742
738,744
744,738
738,745
745,738
738,746
746,738
738,747
747,738
739,748
748,739
739,749
749,739
739,750
750,739
739,751
751,739
739,752
752,739
740,753
753,740
740,754
754,740
740,755
755,740
740,756
756,740
740,757
757,740
740,758
758,740
740,759
759,740
740,760
760,740
741,761
761,741
741,762
762,741
741,763
763,741
741,764
764,741
741,765
765,741
742,766
766,742
742,767
767,742
742,768
768,742
742,769
769,742
742,770
770,742
742,771
771,742
742,772
772,742
742,773
773,742
742,774
774,742
742,775
775,742
742,776
776,742
743,777
777,743
743,778
778,743
779,780
780,779
779,781
781,779
779,782
782,779
779,783
783,779
779,784
784,779
780,781
781,780
780,782
782,780
780,783
783,780
780,784
784,780
781,782
782,781
781,783
783,781
781,784
784,781
782,783
783,782
782,784
784,782
783,784
784,783
779,785
785,779
779,786
786,779
779,787
787,779
779,788
788,779
780,789
789,780
780,790
790,780
780,791
791,780
780,792
792,780
780,793
793,780
781,794
794,781
781,795
795,781
781,796
796,781
781,797
797,781
781,798
798,781
781,799
799,781
781,800
800,781
781,801
801,781
782,802
802,782
782,803
803,782
782,804
804,782
782,805
805,782
782,806
806,782
783,807
807,783
783,808
808,783
783,809
809,783
783,810
810,783
783,811
811,783
783,812
812,783
783,813
813,783
783,814
814,783
783,815
815,783
783,816
816,783
783,817
817,783
784,818
818,784
784,819
819,784
820,821
821,820
820,822
822,820
820,823
823,820
820,824
824,820
820,825
825,820
821,822
822,821
821,823
823,821
821,824
824,821
821,825
825,821
822,823
823,822
822,824
824,822
822,825
825,822
823,824
824,823
823,825
825,823
824,825
825,824
820,826
826,820
820,827
827,820
820,828
828,820
820,829
829,820
821,830
830,821
821,831
831,821
821,832
832,821
821,833
833,821
821,834
834,821
822,835
835,822
822,836
836,822
822,837
837,822
822,838
838,822
822,839
839,822
822,840
840,822
822,841
841,822
822,842
842,822
823,843
843,823
823,844
844,823
823,845
845,823
823,846
846,823
823,847
847,823
824,848
848,824
824,849
849,824
824,850
850,824
824,851
851,824
824,852
852,824
824,853
853,824
824,854
854,824
824,855
855,824
824,856
856,824
824,857
857,824
824,858
858,824
825,859
859,825
825,860
860,825
861,862
862,861
861,863
863,861
861,864
864,861
861,865
865,861
861,866
866,861
862,863
863,862
862,864
864,862
862,865
865,862
862,866
866,862
863,864
864,863
863,865
865,863
863,866
866,863
864,865
865,864
864,866
866,864
865,866
866,865
861,867
867,861
861,868
868,861
861,869
869,861
861,870
870,861
862,871
871,862
862,872
872,862
862,873
873,862
862,874
874,862
862,875
875,862
863,876
876,863
863,877
877,863
863,878
878,863
863,879
879,863
863,880
880,863
863,881
881,863
863,882
882,863
863,883
883,863
864,884
884,864
864,885
885,864
864,886
886,864
864,887
887,864
864,888
888,864
865,889
889,865
865,890
890,865
865,891
891,865
865,892
892,865
865,893
893,865
865,894
894,865
865,895
895,865
865,896
896,865
865,897
897,865
865,898
898,865
865,899
899,865
866,900
900,866
866,901
901,866
902,903
903,902
902,904
904,902
902,905
905,902
902,906
906,902
902,907
907,902
903,904
904,903
903,905
905,903
903,906
906,903
903,907
907,903
904,905
905,904
904,906
906,904
904,907
907,904
905,906
906,905
905,907
907,905
906,907
907,906
902,908
908,902
902,909
909,902
902,910
910,902
902,911
911,902
903,912
912,903
903,913
913,903
903,914
914,903
903,915
915,903
903,916
916,903
904,917
917,904
904,918
918,904
904,919
919,904
904,920
920,904
904,921
921,904
904,922
922,904
904,923
923,904
904,924
924,904
905,925
925,905
905,926
926,905
905,927
927,905
905,928
928,905
905,929
929,905
906,930
930,906
906,931
931,906
906,932
932,906
906,933
933,906
906,934
934,906
906,935
935,906
906,936
936,906
906,937
937,906
906,938
938,906
906,939
939,906
906,940
940,906
907,941
941,907
907,942
942,907
943,944
944,943
943,945
945,943
943,946
946,943
943,947
947,943
943,948
948,943
944,945
945,944
944,946
946,944
944,947
947,944
944,948
948,944
945,946
946,945
945,947
947,945
945,948
948,945
946,947
947,946
946,948
948,946
947,948
948,947
943,949
949,943
943,950
950,943
943,951
951,943
943,952
952,943
944,953
953,944
944,954
954,944
944,955
955,944
944,956
956,944
944,957
957,944
945,958
958,945
945,959
959,945
945,960
960,945
945,961
961,945
945,962
962,945
945,963
963,945
945,964
964,945
945,965
965,945
946,966
966,946
946,967
967,946
946,968
968,946
946,969
969,946
946,970
970,946
947,971
971,947
947,972
972,947
947,973
973,947
947,974
974,947
947,975
975,947
947,976
976,947
947,977
977,947
947,978
978,947
947,979
979,947
947,980
980,947
947,981
981,947
948,982
982,948
948,983
983,948
984,985
985,984
984,986
986,984
984,987
987,984
984,988
988,984
984,989
989,984
985,986
986,985
985,987
987,985
985,988
988,985
985,989
989,985
986,987
987,986
986,988
988,986
986,989
989,986
987,988
988,987
987,989
989,987
988,989
989,988
984,990
990,984
984,991
991,984
984,992
992,984
984,993
993,984
985,994
994,985
985,995
995,985
985,996
996,985
985,997
997,985
985,998
998,985
986,999
999,986
986,1000
1000,986
986,1001
1001,986
986,1002
1002,986
986,1003
1003,986
986,1004
1004,986
986,1005
1005,986
986,1006
1006,986
987,1007
1007,987
987,1008
1008,987
987,1009
1009,987
987,1010
1010,987
987,1011
1011,987
988,1012
1012,988
988,1013
1013,988
988,1014
1014,988
988,1015
1015,988
988,1016
1016,988
988,1017
1017,988
988,1018
1018,988
988,1019
1019,988
988,1020
1020,988
988,1021
1021,988
988,1022
1022,988
989,1023
1023,989
989,1024
1024,989
1025,1026
1026,1025
1025,1027
1027,1025
1025,1028
1028,1025
1025,1029
1029,1025
1025,1030
1030,1025
1026,1027
1027,1026
1026,1028
1028,1026
1026,1029
1029,1026
1026,1030
1030,1026
1027,1028
1028,1027
1027,1029
1029,1027
1027,1030
1030,1027
1028,1029
1029,1028
1028,1030
1030,1028
1029,1030
1030,1029
1025,1031
1031,1025
1025,1032
1032,1025
1025,1033
1033,1025
1025,1034
1034,1025
1026,1035
1035,1026
1026,1036
1036,1026
1026,1037
1037,1026
1026,1038
1038,1026
1026,1039
1039,1026
1027,1040
1040,1027
1027,1041
1041,1027
1027,1042
1042,1027
1027,1043
1043,1027
1027,1044
1044,1027
1027,1045
1045,1027
1027,1046
1046,1027
1027,1047
1047,1027
1028,1048
1048,1028
1028,1049
1049,1028
1028,1050
1050,1028
1028,1051
1051,1028
1028,1052
1052,1028
1029,1053
1053,1029
1029,1054
1054,1029
1029,1055
1055,1029
1029,1056
1056,1029
1029,1057
1057,1029
1029,1058
1058,1029
1029,1059
1059,1029
1029,1060
1060,1029
1029,1061
1061,1029
1029,1062
1062,1029
1029,1063
1063,1029
1030,1064
1064,1030
1030,1065
1065,1030
1066,1067
1067,1066
1066,1068
1068,1066
1066,1069
1069,1066
1066,1070
1070,1066
1066,1071
1071,1066
1067,1068
1068,1067
1067,1069
1069,1067
1067,1070
1070,1067
1067,1071
1071,1067
1068,1069
1069,1068
1068,1070
1070,1068
1068,1071
1071,1068
1069,1070
1070,1069
1069,1071
1071,1069
1070,1071
1071,1070
1066,1072
1072,1066
1066,1073
1073,1066
1066,1074
1074,1066
1066,1075
1075,1066
1067,1076
1076,1067
1067,1077
1077,1067
1067,1078
1078,1067
1067,1079
1079,1067
1067,1080
1080,1067
1068,1081
1081,1068
1068,1082
1082,1068
1068,1083
1083,1068
1068,1084
1084,1068
1068,1085
1085,1068
1068,1086
1086,1068
1068,1087
1087,1068
1068,1088
1088,1068
1069,1089
1089,1069
1069,1090
1090,1069
1069,1091
1091,1069
1069,1092
1092,1069
1069,1093
1093,1069
1070,1094
1094,1070
1070,1095
1095,1070
1070,1096
1096,1070
1070,1097
1097,1070
1070,1098
1098,1070
1070,1099
1099,1070
1070,1100
1100,1070
1070,1101
1101,1070
1070,1102
1102,1070
1070,1103
1103,1070
1070,1104
1104,1070
1071,1105
1105,1071
1071,1106
1106,1071
1107,1108
1108,1107
1107,1109
1109,1107
1107,1110
1110,1107
1107,1111
1111,1107
1107,1112
1112,1107
1108,1109
1109,1108
1108,1110
1110,1108
1108,1111
1111,1108
1108,1112
1112,1108
1109,1110
1110,1109
1109,1111
1111,1109
1109,1112
1112,1109
1110,1111
1111,1110
1110,1112
1112,1110
1111,1112
1112,1111
1107,1113
1113,1107
1107,1114
1114,1107
1107,1115
1115,1107
1107,1116
1116,1107
1108,1117
1117,1108
1108,1118
1118,1108
1108,1119
1119,1108
1108,1120
1120,1108
1108,1121
1121,1108
1109,1122
1122,1109
1109,1123
1123,1109
1109,1124
1124,1109
1109,1125
1125,1109
1109,1126
1126,1109
1109,1127
1127,1109
1109,1128
1128,1109
1109,1129
1129,1109
1110,1130
1130,1110
1110,1131
1131,1110
1110,1132
1132,1110
1110,1133
1133,1110
1110,1134
1134,1110
1111,1135
1135,1111
1111,1136
1136,1111
1111,1137
1137,1111
1111,1138
1138,1111
1111,1139
1139,1111
1111,1140
1140,1111
1111,1141
1141,1111
1111,1142
1142,1111
1111,1143
1143,1111
1111,1144
1144,1111
1111,1145
1145,1111
1112,1146
1146,1112
1112,1147
1147,1112
1148,1149
1149,1148
1148,1150
1150,1148
1148,1151
1151,1148
1148,1152
1152,1148
1148,1153
1153,1148
1149,1150
1150,1149
1149,1151
1151,1149
1149,1152
1152,1149
1149,1153
1153,1149
1150,1151
1151,1150
1150,1152
1152,1150
1150,1153
1153,1150
1151,1152
1152,1151
1151,1153
1153,1151
1152,1153
1153,1152
1148,1154
1154,1148
1148,1155
1155,1148
1148,1156
1156,1148
1148,1157
1157,1148
1149,1158
1158,1149
1149,1159
1159,1149
1149,1160
1160,1149
1149,1161
1161,1149
1149,1162
1162,1149
1150,1163
1163,1150
1150,1164
1164,1150
1150,1165
1165,1150
1150,1166
1166,1150
1150,1167
1167,1150
1150,1168
1168,1150
1150,1169
1169,1150
1150,1170
1170,1150
1151,1171
1171,1151
1151,1172
1172,1151
1151,1173
1173,1151
1151,1174
1174,1151
1151,1175
1175,1151
1152,1176
1176,1152
1152,1177
1177,1152
1152,1178
1178,1152
1152,1179
1179,1152
1152,1180
1180,1152
1152,1181
1181,1152
1152,1182
1182,1152
1152,1183
1183,1152
1152,1184
1184,1152
1152,1185
1185,1152
1152,1186
1186,1152
1153,1187
1187,1153
1153,1188
1188,1153
1189,1190
1190,1189
1189,1191
1191,1189
1189,1192
1192,1189
1189,1193
1193,1189
1189,1194
1194,1189
1190,1191
1191,1190
1190,1192
1192,1190
1190,1193
1193,1190
1190,1194
1194,1190
1191,1192
1192,1191
1191,1193
1193,1191
1191,1194
1194,1191
1192,1193
1193,1192
1192,1194
1194,1192
1193,1194
1194,1193
1189,1195
1195,1189
1189,1196
1196,1189
1189,1197
1197,1189
1189,1198
1198,1189
1190,1199
1199,1190
1190,1200
1200,1190
1190,1201
1201,1190
1190,1202
1202,1190
1190,1203
1203,1190
1191,1204
1204,1191
1191,1205
1205,1191
1191,1206
1206,1191
1191,1207
1207,1191
1191,1208
1208,1191
1191,1209
1209,1191
1191,1210
1210,1191
1191,1211
1211,1191
1192,1212
1212,1192
1192,1213
1213,1192
1192,1214
1214,1192
1192,1215
1215,1192
1192,1216
1216,1192
1193,1217
1217,1193
1193,1218
1218,1193
1193,1219
1219,1193
1193,1220
1220,1193
1193,1221
1221,1193
1193,1222
1222,1193
1193,1223
1223,1193
1193,1224
1224,1193
1193,1225
1225,1193
1193,1226
1226,1193
1193,1227
1227,1193
1194,1228
1228,1194
1194,1229
1229,1194
1230,1231
1231,1230
1230,1232
1232,1230
1230,1233
1233,1230
1230,1234
1234,1230
1230,1235
1235,1230
1231,1232
1232,1231
1231,1233
1233,1231
1231,1234
1234,1231
1231,1235
1235,1231
1232,1233
1233,1232
1232,1234
1234,1232
1232,1235
1235,1232
1233,1234
1234,1233
1233,1235
1235,1233
1234,1235
1235,1234
1230,1236
1236,1230
1230,1237
1237,1230
1230,1238
1238,1230
1230,1239
1239,1230
1231,1240
1240,1231
1231,1241
1241,1231
1231,1242
1242,1231
1231,1243
1243,1231
1231,1244
1244,1231
1232,1245
1245,1232
1232,1246
1246,1232
1232,1247
1247,1232
1232,1248
1248,1232
1232,1249
1249,1232
1232,1250
1250,1232
1232,1251
1251,1232
1232,1252
1252,1232
1233,1253
1253,1233
1233,1254
1254,1233
1233,1255
1255,1233
1233,1256
1256,1233
1233,1257
1257,1233
1234,1258
1258,1234
1234,1259
1259,1234
1234,1260
1260,1234
1234,1261
1261,1234
1234,1262
1262,1234
1234,1263
1263,1234
1234,1264
1264,1234
1234,1265
1265,1234
1234,1266
1266,1234
1234,1267
1267,1234
1234,1268
1268,1234
1235,1269
1269,1235
1235,1270
1270,1235
1271,1272
1272,1271
1271,1273
1273,1271
1271,1274
1274,1271
1271,1275
1275,1271
1271,1276
1276,1271
1272,1273
1273,1272
1272,1274
1274,1272
1272,1275
1275,1272
1272,1276
1276,1272
1273,1274
1274,1273
1273,1275
1275,1273
1273,1276
1276,1273
1274,1275
1275,1274
1274,1276
1276,1274
1275,1276
1276,1275
1271,1277
1277,1271
1271,1278
1278,1271
1271,1279
1279,1271
1271,1280
1280,1271
1272,1281
1281,1272
1272,1282
1282,1272
1272,1283
1283,1272
1272,1284
1284,1272
1272,1285
1285,1272
1273,1286
1286,1273
1273,1287
1287,1273
1273,1288
1288,1273
1273,1289
1289,1273
1273,1290
1290,1273
1273,1291
1291,1273
1273,1292
1292,1273
1273,1293
1293,1273
1274,1294
1294,1274
1274,1295
1295,1274
1274,1296
1296,1274
1274,1297
1297,1274
1274,1298
1298,1274
1275,1299
1299,1275
1275,1300
1300,1275
1275,1301
1301,1275
1275,1302
1302,1275
1275,1303
1303,1275
1275,1304
1304,1275
1275,1305
1305,1275
1275,1306
1306,1275
1275,1307
1307,1275
1275,1308
1308,1275
1275,1309
1309,1275
1276,1310
1310,1276
1276,1311
1311,1276
1312,1313
1313,1312
1312,1314
1314,1312
1312,1315
1315,1312
1312,1316
1316,1312
1312,1317
1317,1312
1313,1314
1314,1313
1313,1315
1315,1313
1313,1316
1316,1313
1313,1317
1317,1313
1314,1315
1315,1314
1314,1316
1316,1314
1314,1317
1317,1314
1315,1316
1316,1315
1315,1317
1317,1315
1316,1317
1317,1316
1312,1318
1318,1312
1312,1319
1319,1312
1312,1320
1320,1312
1312,1321
1321,1312
1313,1322
1322,1313
1313,1323
1323,1313
1313,1324
1324,1313
1313,1325
1325,1313
1313,1326
1326,1313
1314,1327
1327,1314
1314,1328
1328,1314
1314,1329
1329,1314
1314,1330
1330,1314
1314,1331
1331,1314
1314,1332
1332,1314
1314,1333
1333,1314
1314,1334
1334,1314
1315,1335
1335,1315
1315,1336
1336,1315
1315,1337
1337,1315
1315,1338
1338,1315
1315,1339
1339,1315
1316,1340
1340,1316
1316,1341
1341,1316
1316,1342
1342,1316
1316,1343
1343,1316
1316,1344
1344,1316
1316,1345
1345,1316
1316,1346
1346,1316
1316,1347
1347,1316
1316,1348
1348,1316
1316,1349
1349,1316
1316,1350
1350,1316
1317,1351
1351,1317
1317,1352
1352,1317
1353,1354
1354,1353
1353,1355
1355,1353
1353,1356
1356,1353
1353,1357
1357,1353
1353,1358
1358,1353
1354,1355
1355,1354
1354,1356
1356,1354
1354,1357
1357,1354
1354,1358
1358,1354
1355,1356
1356,1355
1355,1357
1357,1355
1355,1358
1358,1355
1356,1357
1357,1356
1356,1358
1358,1356
1357,1358
1358,1357
1353,1359
1359,1353
1353,1360
1360,1353
1353,1361
1361,1353
1353,1362
1362,1353
1354,1363
1363,1354
1354,1364
1364,1354
1354,1365
1365,1354
1354,1366
1366,1354
1354,1367
1367,1354
1355,1368
1368,1355
1355,1369
1369,1355
1355,1370
1370,1355
1355,1371
1371,1355
1355,1372
1372,1355
1355,1373
1373,1355
1355,1374
1374,1355
1355,1375
1375,1355
1356,1376
1376,1356
1356,1377
1377,1356
1356,1378
1378,1356
1356,1379
1379,1356
1356,1380
1380,1356
1357,1381
1381,1357
1357,1382
1382,1357
1357,1383
1383,1357
1357,1384
1384,1357
1357,1385
1385,1357
1357,1386
1386,1357
1357,1387
1387,1357
1357,1388
1388,1357
1357,1389
1389,1357
1357,1390
1390,1357
1357,1391
1391,1357
1358,1392
1392,1358
1358,1393
1393,1358
1394,1395
1395,1394
1394,1396
1396,1394
1394,1397
1397,1394
1394,1398
1398,1394
1394,1399
1399,1394
1395,1396
1396,1395
1395,1397
1397,1395
1395,1398
1398,1395
1395,1399
1399,1395
1396,1397
1397,1396
1396,1398
1398,1396
1396,1399
1399,1396
1397,1398
1398,1397
1397,1399
1399,1397
1398,1399
1399,1398
1394,1400
1400,1394
1394,1401
1401,1394
1394,1402
1402,1394
1394,1403
1403,1394
1395,1404
1404,1395
1395,1405
1405,1395
1395,1406
1406,1395
1395,1407
1407,1395
1395,1408
1408,1395
1396,1409
1409,1396
1396,1410
1410,1396
1396,1411
1411,1396
1396,1412
1412,1396
1396,1413
1413,1396
1396,1414
1414,1396
1396,1415
1415,1396
1396,1416
1416,1396
1397,1417
1417,1397
1397,1418
1418,1397
1397,1419
1419,1397
1397,1420
1420,1397
1397,1421
1421,1397
1398,1422
1422,1398
1398,1423
1423,1398
1398,1424
1424,1398
1398,1425
1425,1398
1398,1426
1426,1398
1398,1427
1427,1398
1398,1428
1428,1398
1398,1429
1429,1398
1398,1430
1430,1398
1398,1431
1431,1398
1398,1432
1432,1398
1399,1433
1433,1399
1399,1434
1434,1399
1435,1436
1436,1435
1435,1437
1437,1435
1435,1438
1438,1435
1435,1439
1439,1435
1435,1440
1440,1435
1436,1437
1437,1436
1436,1438
1438,1436
1436,1439
1439,1436
1436,1440
1440,1436
1437,1438
1438,1437
1437,1439
1439,1437
1437,1440
1440,1437
1438,1439
1439,1438
1438,1440
1440,1438
1439,1440
1440,1439
1435,1441
1441,1435
1435,1442
1442,1435
1435,1443
1443,1435
1435,1444
1444,1435
1436,1445
1445,1436
1436,1446
1446,1436
1436,1447
1447,1436
1436,1448
1448,1436
1436,1449
1449,1436
1437,1450
1450,1437
1437,1451
1451,1437
1437,1452
1452,1437
1437,1453
1453,1437
1437,1454
1454,1437
1437,1455
1455,1437
1437,1456
1456,1437
1437,1457
1457,1437
1438,1458
1458,1438
1438,1459
1459,1438
1438,1460
1460,1438
1438,1461
1461,1438
1438,1462
1462,1438
1439,1463
1463,1439
1439,1464
1464,1439
1439,1465
1465,1439
1439,1466
1466,1439
1439,1467
1467,1439
1439,1468
1468,1439
1439,1469
1469,1439
1439,1470
1470,1439
1439,1471
1471,1439
1439,1472
1472,1439
1439,1473
1473,1439
1440,1474
1474,1440
1440,1475
1475,1440
1476,1477
1477,1476
1476,1478
1478,1476
1476,1479
1479,1476
1476,1480
1480,1476
1476,1481
1481,1476
1477,1478
1478,1477
1477,1479
1479,1477
1477,1480
1480,1477
1477,1481
1481,1477
1478,1479
1479,1478
1478,1480
1480,1478
1478,1481
1481,1478
1479,1480
1480,1479
1479,1481
1481,1479
1480,1481
1481,1480
1476,1482
1482,1476
1476,1483
1483,1476
1476,1484
1484,1476
1476,1485
1485,1476
1477,1486
1486,1477
1477,1487
1487,1477
1477,1488
1488,1477
1477,1489
1489,1477
1477,1490
1490,1477
1478,1491
1491,1478
1478,1492
1492,1478
1478,1493
1493,1478
1478,1494
1494,1478
1478,1495
1495,1478
1478,1496
1496,1478
1478,1497
1497,1478
1478,1498
1498,1478
1479,1499
1499,1479
1479,1500
1500,1479
1479,1501
1501,1479
1479,1502
1502,1479
1479,1503
1503,1479
1480,1504
1504,1480
1480,1505
1505,1480
1480,1506
1506,1480
1480,1507
1507,1480
1480,1508
1508,1480
1480,1509
1509,1480
1480,1510
1510,1480
1480,1511
1511,1480
1480,1512
1512,1480
1480,1513
1513,1480
1480,1514
1514,1480
1481,1515
1515,1481
1481,1516
1516,1481
1517,1518
1518,1517
1517,1519
1519,1517
1517,1520
1520,1517
1517,1521
1521,1517
1517,1522
1522,1517
1518,1519
1519,1518
1518,1520
1520,1518
1518,1521
1521,1518
1518,1522
1522,1518
1519,1520
1520,1519
1519,1521
1521,1519
1519,1522
1522,1519
1520,1521
1521,1520
1520,1522
1522,1520
1521,1522
1522,1521
1517,1523
1523,1517
1517,1524
1524,1517
1517,1525
1525,1517
1517,1526
1526,1517
1518,1527
1527,1518
1518,1528
1528,1518
1518,1529
1529,1518
1518,1530
1530,1518
1518,1531
1531,1518
1519,1532
1532,1519
1519,1533
1533,1519
1519,1534
1534,1519
1519,1535
1535,1519
1519,1536
1536,1519
1519,1537
1537,1519
1519,1538
1538,1519
1519,1539
1539,1519
1520,1540
1540,1520
1520,1541
1541,1520
1520,1542
1542,1520
1520,1543
1543,1520
1520,1544
1544,1520
1521,1545
1545,1521
1521,1546
1546,1521
1521,1547
1547,1521
1521,1548
1548,1521
1521,1549
1549,1521
1521,1550
1550,1521
1521,1551
1551,1521
1521,1552
1552,1521
1521,1553
1553,1521
1521,1554
1554,1521
1521,1555
1555,1521
1522,1556
1556,1522
1522,1557
1557,1522
1558,1559
1559,1558
1558,1560
1560,1558
1558,1561
1561,1558
1558,1562
1562,1558
1558,1563
1563,1558
1559,1560
1560,1559
1559,1561
1561,1559
1559,1562
1562,1559
1559,1563
1563,1559
1560,1561
1561,1560
1560,1562
1562,1560
1560,1563
1563,1560
1561,1562
1562,1561
1561,1563
1563,1561
1562,1563
1563,1562
1558,1564
1564,1558
1558,1565
1565,1558
1558,1566
1566,1558
1558,1567
1567,1558
1559,1568
1568,1559
1559,1569
1569,1559
1559,1570
1570,1559
1559,1571
1571,1559
1559,1572
1572,1559
1560,1573
1573,1560
1560,1574
1574,1560
1560,1575
1575,1560
1560,1576
1576,1560
1560,1577
1577,1560
1560,1578
1578,1560
1560,1579
1579,1560
1560,1580
1580,1560
1561,1581
1581,1561
1561,1582
1582,1561
1561,1583
1583,1561
1561,1584
1584,1561
1561,1585
1585,1561
1562,1586
1586,1562
1562,1587
1587,1562
1562,1588
1588,1562
1562,1589
1589,1562
1562,1590
1590,1562
1562,1591
1591,1562
1562,1592
1592,1562
1562,1593
1593,1562
1562,1594
1594,1562
1562,1595
1595,1562
1562,1596
1596,1562
1563,1597
1597,1563
1563,1598
1598,1563
1599,1600
1600,1599
1599,1601
1601,1599
1599,1602
1602,1599
1599,1603
1603,1599
1599,1604
1604,1599
1600,1601
1601,1600
1600,1602
1602,1600
1600,1603
1603,1600
1600,1604
1604,1600
1601,1602
1602,1601
1601,1603
1603,1601
1601,1604
1604,1601
1602,1603
1603,1602
1602,1604
1604,1602
1603,1604
1604,1603
1599,1605
1605,1599
1599,1606
1606,1599
1599,1607
1607,1599
1599,1608
1608,1599
1600,1609
1609,1600
1600,1610
1610,1600
1600,1611
1611,1600
1600,1612
1612,1600
1600,1613
1613,1600
1601,1614
1614,1601
1601,1615
1615,1601
1601,1616
1616,1601
1601,1617
1617,1601
1601,1618
1618,1601
1601,1619
1619,1601
1601,1620
1620,1601
1601,1621
1621,1601
1602,1622
1622,1602
1602,1623
1623,1602
1602,1624
1624,1602
1602,1625
1625,1602
1602,1626
1626,1602
1603,1627
1627,1603
1603,1628
1628,1603
1603,1629
1629,1603
1603,1630
1630,1603
1603,1631
1631,1603
1603,1632
1632,1603
1603,1633
1633,1603
1603,1634
1634,1603
1603,1635
1635,1603
1603,1636
1636,1603
1603,1637
1637,1603
1604,1638
1638,1604
1604,1639
1639,1604
1640,1641
1641,1640
1640,1642
1642,1640
1640,1643
1643,1640
1640,1644
1644,1640
1640,1645
1645,1640
1641,1642
1642,1641
1641,1643
1643,1641
1641,1644
1644,1641
1641,1645
1645,1641
1642,1643
1643,1642
1642,1644
1644,1642
1642,1645
1645,1642
1643,1644
1644,1643
1643,1645
1645,1643
1644,1645
1645,1644
1640,1646
1646,1640
1640,1647
1647,1640
1640,1648
1648,1640
1640,1649
1649,1640
1641,1650
1650,1641
1641,1651
1651,1641
1641,1652
1652,1641
1641,1653
1653,1641
1641,1654
1654,1641
1642,1655
1655,1642
1642,1656
1656,1642
1642,1657
1657,1642
1642,1658
1658,1642
1642,1659
1659,1642
1642,1660
1660,1642
1642,1661
1661,1642
1642,1662
1662,1642
1643,1663
1663,1643
1643,1664
1664,1643
1643,1665
1665,1643
1643,1666
1666,1643
1643,1667
1667,1643
1644,1668
1668,1644
1644,1669
1669,1644
1644,1670
1670,1644
1644,1671
1671,1644
1644,1672
1672,1644
1644,1673
1673,1644
1644,1674
1674,1644
1644,1675
1675,1644
1644,1676
1676,1644
1644,1677
1677,1644
1644,1678
1678,1644
1645,1679
1679,1645
1645,1680
1680,1645
1681,1682
1682,1681
1681,1683
1683,1681
1681,1684
1684,1681
1681,1685
1685,1681
1681,1686
1686,1681
1682,1683
1683,1682
1682,1684
1684,1682
1682,1685
1685,1682
1682,1686
1686,1682
1683,1684
1684,1683
1683,1685
1685,1683
1683,1686
1686,1683
1684,1685
1685,1684
1684,1686
1686,1684
1685,1686
1686,1685
1681,1687
1687,1681
1681,1688
1688,1681
1681,1689
1689,1681
1681,1690
1690,1681
1682,1691
1691,1682
1682,1692
1692,1682
1682,1693
1693,1682
1682,1694
1694,1682
1682,1695
1695,1682
1683,1696
1696,1683
1683,1697
1697,1683
1683,1698
1698,1683
1683,1699
1699,1683
1683,1700
1700,1683
1683,1701
1701,1683
1683,1702
1702,1683
1683,1703
1703,1683
1684,1704
1704,1684
1684,1705
1705,1684
1684,1706
1706,1684
1684,1707
1707,1684
1684,1708
1708,1684
1685,1709
1709,1685
1685,1710
1710,1685
1685,1711
1711,1685
1685,1712
1712,1685
1685,1713
1713,1685
1685,1714
1714,1685
1685,1715
1715,1685
1685,1716
1716,1685
1685,1717
1717,1685
1685,1718
1718,1685
1685,1719
1719,1685
1686,1720
1720,1686
1686,1721
1721,1686
1722,1723
1723,1722
1722,1724
1724,1722
1722,1725
1725,1722
1722,1726
1726,1722
1722,1727
1727,1722
1723,1724
1724,1723
1723,1725
1725,1723
1723,1726
1726,1723
1723,1727
1727,1723
1724,1725
1725,1724
1724,1726
1726,1724
1724,1727
1727,1724
1725,1726
1726,1725
1725,1727
1727,1725
1726,1727
1727,1726
1722,1728
1728,1722
1722,1729
1729,1722
1722,1730
1730,1722
1722,1731
1731,1722
1723,1732
1732,1723
1723,1733
1733,1723
1723,1734
1734,1723
1723,1735
1735,1723
1723,1736
1736,1723
1724,1737
1737,1724
1724,1738
1738,1724
1724,1739
1739,1724
1724,1740
1740,1724
1724,1741
1741,1724
1724,1742
1742,1724
1724,1743
1743,1724
1724,1744
1744,1724
1725,1745
1745,1725
1725,1746
1746,1725
1725,1747
1747,1725
1725,1748
1748,1725
1725,1749
1749,1725
1726,1750
1750,1726
1726,1751
1751,1726
1726,1752
1752,1726
1726,1753
1753,1726
1726,1754
1754,1726
1726,1755
1755,1726
1726,1756
1756,1726
1726,1757
1757,1726
1726,1758
1758,1726
1726,1759
1759,1726
1726,1760
1760,1726
1727,1761
1761,1727
1727,1762
1762,1727
1763,1764
1764,1763
1763,1765
1765,1763
1763,1766
1766,1763
1763,1767
1767,1763
1763,1768
1768,1763
1764,1765
1765,1764
1764,1766
1766,1764
1764,1767
1767,1764
1764,1768
1768,1764
1765,1766
1766,1765
1765,1767
1767,1765
1765,1768
1768,1765
1766,1767
1767,1766
1766,1768
1768,1766
1767,1768
1768,1767
1763,1769
1769,1763
1763,1770
1770,1763
1763,1771
1771,1763
1763,1772
1772,1763
1764,1773
1773,1764
1764,1774
1774,1764
1764,1775
1775,1764
1764,1776
1776,1764
1764,1777
1777,1764
1765,1778
1778,1765
1765,1779
1779,1765
1765,1780
1780,1765
1765,1781
1781,1765
1765,1782
1782,1765
1765,1783
1783,1765
1765,1784
1784,1765
1765,1785
1785,1765
1766,1786
1786,1766
1766,1787
1787,1766
1766,1788
1788,1766
1766,1789
1789,1766
1766,1790
1790,1766
1767,1791
1791,1767
1767,1792
1792,1767
1767,1793
1793,1767
1767,1794
1794,1767
1767,1795
1795,1767
1767,1796
1796,1767
1767,1797
1797,1767
1767,1798
1798,1767
1767,1799
1799,1767
1767,1800
1800,1767
1767,1801
1801,1767
1768,1802
1802,1768
1768,1803
1803,1768
1804,1805
1805,1804
1804,1806
1806,1804
1804,1807
1807,1804
1804,1808
1808,1804
1804,1809
1809,1804
1805,1806
1806,1805
1805,1807
1807,1805
1805,1808
1808,1805
1805,1809
1809,1805
1806,1807
1807,1806
1806,1808
1808,1806
1806,1809
1809,1806
1807,1808
1808,1807
1807,1809
1809,1807
1808,1809
1809,1808
1804,1810
1810,1804
1804,1811
1811,1804
1804,1812
1812,1804
1804,1813
1813,1804
1805,1814
1814,1805
1805,1815
1815,1805
1805,1816
1816,1805
1805,1817
1817,1805
1805,1818
1818,1805
1806,1819
1819,1806
1806,1820
1820,1806
1806,1821
1821,1806
1806,1822
1822,1806
1806,1823
1823,1806
1806,1824
1824,1806
1806,1825
1825,1806
1806,1826
1826,1806
1807,1827
1827,1807
1807,1828
1828,1807
1807,1829
1829,1807
1807,1830
1830,1807
1807,1831
1831,1807
1808,1832
1832,1808
1808,1833
1833,1808
1808,1834
1834,1808
1808,1835
1835,1808
1808,1836
1836,1808
1808,1837
1837,1808
1808,1838
1838,1808
1808,1839
1839,1808
1808,1840
1840,1808
1808,1841
1841,1808
1808,1842
1842,1808
1809,1843
1843,1809
1809,1844
1844,1809
1845,1846
1846,1845
1845,1847
1847,1845
1845,1848
1848,1845
1845,1849
1849,1845
1845,1850
1850,1845
1846,1847
1847,1846
1846,1848
1848,1846
1846,1849
1849,1846
1846,1850
1850,1846
1847,1848
1848,1847
1847,1849
1849,1847
1847,1850
1850,1847
1848,1849
1849,1848
1848,1850
1850,1848
1849,1850
1850,1849
1845,1851
1851,1845
1845,1852
1852,1845
1845,1853
1853,1845
1845,1854
1854,1845
1846,1855
1855,1846
1846,1856
1856,1846
1846,1857
1857,1846
1846,1858
1858,1846
1846,1859
1859,1846
1847,1860
1860,1847
1847,1861
1861,1847
1847,1862
1862,1847
1847,1863
1863,1847
1847,1864
1864,1847
1847,1865
1865,1847
1847,1866
1866,1847
1847,1867
1867,1847
1848,1868
1868,1848
1848,1869
1869,1848
1848,1870
1870,1848
1848,1871
1871,1848
1848,1872
1872,1848
1849,1873
1873,1849
1849,1874
1874,1849
1849,1875
1875,1849
1849,1876
1876,1849
1849,1877
1877,1849
1849,1878
1878,1849
1849,1879
1879,1849
1849,1880
1880,1849
1849,1881
1881,1849
1849,1882
1882,1849
1849,1883
1883,1849
1850,1884
1884,1850
1850,1885
1885,1850
1886,1887
1887,1886
1886,1888
1888,1886
1886,1889
1889,1886
1886,1890
1890,1886
1886,1891
1891,1886
1887,1888
1888,1887
1887,1889
1889,1887
1887,1890
1890,1887
1887,1891
1891,1887
1888,1889
1889,1888
1888,1890
1890,1888
1888,1891
1891,1888
1889,1890
1890,1889
1889,1891
1891,1889
1890,1891
1891,1890
1886,1892
1892,1886
1886,1893
1893,1886
1886,1894
1894,1886
1886,1895
1895,1886
1887,1896
1896,1887
1887,1897
1897,1887
1887,1898
1898,1887
1887,1899
1899,1887
1887,1900
1900,1887
1888,1901
1901,1888
1888,1902
1902,1888
1888,1903
1903,1888
1888,1904
1904,1888
1888,1905
1905,1888
1888,1906
1906,1888
1888,1907
1907,1888
1888,1908
1908,1888
1889,1909
1909,1889
1889,1910
1910,1889
1889,1911
1911,1889
1889,1912
1912,1889
1889,1913
1913,1889
1890,1914
1914,1890
1890,1915
1915,1890
1890,1916
1916,1890
1890,1917
1917,1890
1890,1918
1918,1890
1890,1919
1919,1890
1890,1920
1920,1890
1890,1921
1921,1890
1890,1922
1922,1890
1890,1923
1923,1890
1890,1924
1924,1890
1891,1925
1925,1891
1891,1926
1926,1891
1927,1928
1928,1927
1927,1929
1929,1927
1927,1930
1930,1927
1927,1931
1931,1927
1927,1932
1932,1927
1928,1929
1929,1928
1928,1930
1930,1928
1928,1931
1931,1928
1928,1932
1932,1928
1929,1930
1930,1929
1929,1931
1931,1929
1929,1932
1932,1929
1930,1931
1931,1930
1930,1932
1932,1930
1931,1932
1932,1931
1927,1933
1933,1927
1927,1934
1934,1927
1927,1935
1935,1927
1927,1936
1936,1927
1928,1937
1937,1928
1928,1938
1938,1928
1928,1939
1939,1928
1928,1940
1940,1928
1928,1941
1941,1928
1929,1942
1942,1929
1929,1943
1943,1929
1929,1944
1944,1929
1929,1945
1945,1929
1929,1946
1946,1929
1929,1947
1947,1929
1929,1948
1948,1929
1929,1949
1949,1929
1930,1950
1950,1930
1930,1951
1951,1930
1930,1952
1952,1930
1930,1953
1953,1930
1930,1954
1954,1930
1931,1955
1955,1931
1931,1956
1956,1931
1931,1957
1957,1931
1931,1958
1958,1931
1931,1959
1959,1931
1931,1960
1960,1931
1931,1961
1961,1931
1931,1962
1962,1931
1931,1963
1963,1931
1931,1964
1964,1931
1931,1965
1965,1931
1932,1966
1966,1932
1932,1967
1967,1932
1968,1969
1969,1968
1968,1970
1970,1968
1968,1971
1971,1968
1968,1972
1972,1968
1968,1973
1973,1968
1969,1970
1970,1969
1969,1971
1971,1969
1969,1972
1972,1969
1969,1973
1973,1969
1970,1971
1971,1970
1970,1972
1972,1970
1970,1973
1973,1970
1971,1972
1972,1971
1971,1973
1973,1971
1972,1973
1973,1972
1968,1974
1974,1968
1968,1975
1975,1968
1968,1976
1976,1968
1968,1977
1977,1968
1969,1978
1978,1969
1969,1979
1979,1969
1969,1980
1980,1969
1969,1981
1981,1969
1969,1982
1982,1969
1970,1983
1983,1970
1970,1984
1984,1970
1970,1985
1985,1970
1970,1986
1986,1970
1970,1987
1987,1970
1970,1988
1988,1970
1970,1989
1989,1970
1970,1990
1990,1970
1971,1991
1991,1971
1971,1992
1992,1971
1971,1993
1993,1971
1971,1994
1994,1971
1971,1995
1995,1971
1972,1996
1996,1972
1972,1997
1997,1972
1972,1998
1998,1972
1972,1999
1999,1972
1972,2000
2000,1972
1972,2001
2001,1972
1972,2002
2002,1972
1972,2003
2003,1972
1972,2004
2004,1972
1972,2005
2005,1972
1972,2006
2006,1972
1973,2007
2007,1973
1973,2008
2008,1973
2009,2010
2010,2009
2009,2011
2011,2009
2009,2012
2012,2009
2009,2013
2013,2009
2009,2014
2014,2009
2010,2011
2011,2010
2010,2012
2012,2010
2010,2013
2013,2010
2010,2014
2014,2010
2011,2012
2012,2011
2011,2013
2013,2011
2011,2014
2014,2011
2012,2013
2013,2012
2012,2014
2014,2012
2013,2014
2014,2013
2009,2015
2015,2009
2009,2016
2016,2009
2009,2017
2017,2009
2009,2018
2018,2009
2010,2019
2019,2010
2010,2020
2020,2010
2010,2021
2021,2010
2010,2022
2022,2010
2010,2023
2023,2010
2011,2024
2024,2011
2011,2025
2025,2011
2011,2026
2026,2011
2011,2027
2027,2011
2011,2028
2028,2011
2011,2029
2029,2011
2011,2030
2030,2011
2011,2031
2031,2011
2012,2032
2032,2012
2012,2033
2033,2012
2012,2034
2034,2012
2012,2035
2035,2012
2012,2036
2036,2012
2013,2037
2037,2013
2013,2038
2038,2013
2013,2039
2039,2013
2013,2040
2040,2013
2013,2041
2041,2013
2013,2042
2042,2013
2013,2043
2043,2013
2013,2044
2044,2013
2013,2045
2045,2013
2013,2046
2046,2013
2013,2047
2047,2013
2014,2048
2048,2014
2014,2049
2049,2014
2050,2051
2051,2050
2050,2052
2052,2050
2050,2053
2053,2050
2050,2054
2054,2050
2050,2055
2055,2050
2051,2052
2052,2051
2051,2053
2053,2051
2051,2054
2054,2051
2051,2055
2055,2051
2052,2053
2053,2052
2052,2054
2054,2052
2052,2055
2055,2052
2053,2054
2054,2053
2053,2055
2055,2053
2054,2055
2055,2054
2050,2056
2056,2050
2050,2057
2057,2050
2050,2058
2058,2050
2050,2059
2059,2050
2051,2060
2060,2051
2051,2061
2061,2051
2051,2062
2062,2051
2051,2063
2063,2051
2051,2064
2064,2051
2052,2065
2065,2052
2052,2066
2066,2052
2052,2067
2067,2052
2052,2068
2068,2052
2052,2069
2069,2052
2052,2070
2070,2052
2052,2071
2071,2052
2052,2072
2072,2052
2053,2073
2073,2053
2053,2074
2074,2053
2053,2075
2075,2053
2053,2076
2076,2053
2053,2077
2077,2053
2054,2078
2078,2054
2054,2079
2079,2054
2054,2080
2080,2054
2054,2081
2081,2054
2054,2082
2082,2054
2054,2083
2083,2054
2054,2084
2084,2054
2054,2085
2085,2054
2054,2086
2086,2054
2054,2087
2087,2054
2054,2088
2088,2054
2055,2089
2089,2055
2055,2090
2090,2055
2091,2092
2092,2091
2091,2093
2093,2091
2091,2094
2094,2091
2091,2095
2095,2091
2091,2096
2096,2091
2092,2093
2093,2092
2092,2094
2094,2092
2092,2095
2095,2092
2092,2096
2096,2092
2093,2094
2094,2093
2093,2095
2095,2093
2093,2096
2096,2093
2094,2095
2095,2094
2094,2096
2096,2094
2095,2096
2096,2095
2091,2097
2097,2091
2091,2098
2098,2091
2091,2099
2099,2091
2091,2100
2100,2091
2092,2101
2101,2092
2092,2102
2102,2092
2092,2103
2103,2092
2092,2104
2104,2092
2092,2105
2105,2092
2093,2106
2106,2093
2093,2107
2107,2093
2093,2108
2108,2093
2093,2109
2109,2093
2093,2110
2110,2093
2093,2111
2111,2093
2093,2112
2112,2093
2093,2113
2113,2093
2094,2114
2114,2094
2094,2115
2115,2094
2094,2116
2116,2094
2094,2117
2117,2094
2094,2118
2118,2094
2095,2119
2119,2095
2095,2120
2120,2095
2095,2121
2121,2095
2095,2122
2122,2095
2095,2123
2123,2095
2095,2124
2124,2095
2095,2125
2125,2095
2095,2126
2126,2095
2095,2127
2127,2095
2095,2128
2128,2095
2095,2129
2129,2095
2096,2130
2130,2096
2096,2131
2131,2096
2132,2133
2133,2132
2132,2134
2134,2132
2132,2135
2135,2132
2132,2136
2136,2132
2132,2137
2137,2132
2133,2134
2134,2133
2133,2135
2135,2133
2133,2136
2136,2133
2133,2137
2137,2133
2134,2135
2135,2134
2134,2136
2136,2134
2134,2137
2137,2134
2135,2136
2136,2135
2135,2137
2137,2135
2136,2137
2137,2136
2132,2138
2138,2132
2132,2139
2139,2132
2132,2140
2140,2132
2132,2141
2141,2132
2133,2142
2142,2133
2133,2143
2143,2133
2133,2144
2144,2133
2133,2145
2145,2133
2133,2146
2146,2133
2134,2147
2147,2134
2134,2148
2148,2134
2134,2149
2149,2134
2134,2150
2150,2134
2134,2151
2151,2134
2134,2152
2152,2134
2134,2153
2153,2134
2134,2154
2154,2134
2135,2155
2155,2135
2135,2156
2156,2135
2135,2157
2157,2135
2135,2158
2158,2135
2135,2159
2159,2135
2136,2160
2160,2136
2136,2161
2161,2136
2136,2162
2162,2136
2136,2163
2163,2136
2136,2164
2164,2136
2136,2165
2165,2136
2136,2166
2166,2136
2136,2167
2167,2136
2136,2168
2168,2136
2136,2169
2169,2136
2136,2170
2170,2136
2137,2171
2171,2137
2137,2172
2172,2137
2173,2174
2174,2173
2173,2175
2175,2173
2173,2176
2176,2173
2173,2177
2177,2173
2173,2178
2178,2173
2174,2175
2175,2174
2174,2176
2176,2174
2174,2177
2177,2174
2174,2178
2178,2174
2175,2176
2176,2175
2175,2177
2177,2175
2175,2178
2178,2175
2176,2177
2177,2176
2176,2178
2178,2176
2177,2178
2178,2177
2173,2179
2179,2173
2173,2180
2180,2173
2173,2181
2181,2173
2173,2182
2182,2173
2174,2183
2183,2174
2174,2184
2184,2174
2174,2185
2185,2174
2174,2186
2186,2174
2174,2187
2187,2174
2175,2188
2188,2175
2175,2189
2189,2175
2175,2190
2190,2175
2175,2191
2191,2175
2175,2192
2192,2175
2175,2193
2193,2175
2175,2194
2194,2175
2175,2195
2195,2175
2176,2196
2196,2176
2176,2197
2197,2176
2176,2198
2198,2176
2176,2199
2199,2176
2176,2200
2200,2176
2177,2201
2201,2177
2177,2202
2202,2177
2177,2203
2203,2177
2177,2204
2204,2177
2177,2205
2205,2177
2177,2206
2206,2177
2177,2207
2207,2177
2177,2208
2208,2177
2177,2209
2209,2177
2177,2210
2210,2177
2177,2211
2211,2177
2178,2212
2212,2178
2178,2213
2213,2178
2214,2215
2215,2214
2214,2216
2216,2214
2214,2217
2217,2214
2214,2218
2218,2214
2214,2219
2219,2214
2215,2216
2216,2215
2215,2217
2217,2215
2215,2218
2218,2215
2215,2219
2219,2215
2216,2217
2217,2216
2216,2218
2218,2216
2216,2219
2219,2216
2217,2218
2218,2217
2217,2219
2219,2217
2218,2219
2219,2218
2214,2220
2220,2214
2214,2221
2221,2214
2214,2222
2222,2214
2214,2223
2223,2214
2215,2224
2224,2215
2215,2225
2225,2215
2215,2226
2226,2215
2215,2227
2227,2215
2215,2228
2228,2215
2216,2229
2229,2216
2216,2230
2230,2216
2216,2231
2231,2216
2216,2232
2232,2216
2216,2233
2233,2216
2216,2234
2234,2216
2216,2235
2235,2216
2216,2236
2236,2216
2217,2237
2237,2217
2217,2238
2238,2217
2217,2239
2239,2217
2217,2240
2240,2217
2217,2241
2241,2217
2218,2242
2242,2218
2218,2243
2243,2218
2218,2244
2244,2218
2218,2245
2245,2218
2218,2246
2246,2218
2218,2247
2247,2218
2218,2248
2248,2218
2218,2249
2249,2218
2218,2250
2250,2218
2218,2251
2251,2218
2218,2252
2252,2218
2219,2253
2253,2219
2219,2254
2254,2219
2255,2256
2256,2255
2255,2257
2257,2255
2255,2258
2258,2255
2255,2259
2259,2255
2255,2260
2260,2255
2256,2257
2257,2256
2256,2258
2258,2256
2256,2259
2259,2256
2256,2260
2260,2256
2257,2258
2258,2257
2257,2259
2259,2257
2257,2260
2260,2257
2258,2259
2259,2258
2258,2260
2260,2258
2259,2260
2260,2259
2255,2261
2261,2255
2255,2262
2262,2255
2255,2263
2263,2255
2255,2264
2264,2255
2256,2265
2265,2256
2256,2266
2266,2256
2256,2267
2267,2256
2256,2268
2268,2256
2256,2269
2269,2256
2257,2270
2270,2257
2257,2271
2271,2257
2257,2272
2272,2257
2257,2273
2273,2257
2257,2274
2274,2257
2257,2275
2275,2257
2257,2276
2276,2257
2257,2277
2277,2257
2258,2278
2278,2258
2258,2279
2279,2258
2258,2280
2280,2258
2258,2281
2281,2258
2258,2282
2282,2258
2259,2283
2283,2259
2259,2284
2284,2259
2259,2285
2285,2259
2259,2286
2286,2259
2259,2287
2287,2259
2259,2288
2288,2259
2259,2289
2289,2259
2259,2290
2290,2259
2259,2291
2291,2259
2259,2292
2292,2259
2259,2293
2293,2259
2260,2294
2294,2260
2260,2295
2295,2260
2296,2297
2297,2296
2296,2298
2298,2296
2296,2299
2299,2296
2296,2300
2300,2296
2296,2301
2301,2296
2297,2298
2298,2297
2297,2299
2299,2297
2297,2300
2300,2297
2297,2301
2301,2297
2298,2299
2299,2298
2298,2300
2300,2298
2298,2301
2301,2298
2299,2300
2300,2299
2299,2301
2301,2299
2300,2301
2301,2300
2296,2302
2302,2296
2296,2303
2303,2296
2296,2304
2304,2296
2296,2305
2305,2296
2297,2306
2306,2297
2297,2307
2307,2297
2297,2308
2308,2297
2297,2309
2309,2297
2297,2310
2310,2297
2298,2311
2311,2298
2298,2312
2312,2298
2298,2313
2313,2298
2298,2314
2314,2298
2298,2315
2315,2298
2298,2316
2316,2298
2298,2317
2317,2298
2298,2318
2318,2298
2299,2319
2319,2299
2299,2320
2320,2299
2299,2321
2321,2299
2299,2322
2322,2299
2299,2323
2323,2299
2300,2324
2324,2300
2300,2325
2325,2300
2300,2326
2326,2300
2300,2327
2327,2300
2300,2328
2328,2300
2300,2329
2329,2300
2300,2330
2330,2300
2300,2331
2331,2300
2300,2332
2332,2300
2300,2333
2333,2300
2300,2334
2334,2300
2301,2335
2335,2301
2301,2336
2336,2301
2337,2338
2338,2337
2337,2339
2339,2337
2337,2340
2340,2337
2337,2341
2341,2337
2337,2342
2342,2337
2338,2339
2339,2338
2338,2340
2340,2338
2338,2341
2341,2338
2338,2342
2342,2338
2339,2340
2340,2339
2339,2341
2341,2339
2339,2342
2342,2339
2340,2341
2341,2340
2340,2342
2342,2340
2341,2342
2342,2341
2337,2343
2343,2337
2337,2344
2344,2337
2337,2345
2345,2337
2337,2346
2346,2337
2338,2347
2347,2338
2338,2348
2348,2338
2338,2349
2349,2338
2338,2350
2350,2338
2338,2351
2351,2338
2339,2352
2352,2339
2339,2353
2353,2339
2339,2354
2354,2339
2339,2355
2355,2339
2339,2356
2356,2339
2339,2357
2357,2339
2339,2358
2358,2339
2339,2359
2359,2339
2340,2360
2360,2340
2340,2361
2361,2340
2340,2362
2362,2340
2340,2363
2363,2340
2340,2364
2364,2340
2341,2365
2365,2341
2341,2366
2366,2341
2341,2367
2367,2341
2341,2368
2368,2341
2341,2369
2369,2341
2341,2370
2370,2341
2341,2371
2371,2341
2341,2372
2372,2341
2341,2373
2373,2341
2341,2374
2374,2341
2341,2375
2375,2341
2342,2376
2376,2342
2342,2377
2377,2342
2378,2379
2379,2378
2378,2380
2380,2378
2378,2381
2381,2378
2378,2382
2382,2378
2378,2383
2383,2378
2379,2380
2380,2379
2379,2381
2381,2379
2379,2382
2382,2379
2379,2383
2383,2379
2380,2381
2381,2380
2380,2382
2382,2380
2380,2383
2383,2380
2381,2382
2382,2381
2381,2383
2383,2381
2382,2383
2383,2382
2378,2384
2384,2378
2378,2385
2385,2378
2378,2386
2386,2378
2378,2387
2387,2378
2379,2388
2388,2379
2379,2389
2389,2379
2379,2390
2390,2379
2379,2391
2391,2379
2379,2392
2392,2379
2380,2393
2393,2380
2380,2394
2394,2380
2380,2395
2395,2380
2380,2396
2396,2380
2380,2397
2397,2380
2380,2398
2398,2380
2380,2399
2399,2380
2380,2400
2400,2380
2381,2401
2401,2381
2381,2402
2402,2381
2381,2403
2403,2381
2381,2404
2404,2381
2381,2405
2405,2381
2382,2406
2406,2382
2382,2407
2407,2382
2382,2408
2408,2382
2382,2409
2409,2382
2382,2410
2410,2382
2382,2411
2411,2382
2382,2412
2412,2382
2382,2413
2413,2382
2382,2414
2414,2382
2382,2415
2415,2382
2382,2416
2416,2382
2383,2417
2417,2383
2383,2418
2418,2383
2419,2420
2420,2419
2419,2421
2421,2419
2419,2422
2422,2419
2419,2423
2423,2419
2419,2424
2424,2419
2420,2421
2421,2420
2420,2422
2422,2420
2420,2423
2423,2420
2420,2424
2424,2420
2421,2422
2422,2421
2421,2423
2423,2421
2421,2424
2424,2421
2422,2423
2423,2422
2422,2424
2424,2422
2423,2424
2424,2423
2419,2425
2425,2419
2419,2426
2426,2419
2419,2427
2427,2419
2419,2428
2428,2419
2420,2429
2429,2420
2420,2430
2430,2420
2420,2431
2431,2420
2420,2432
2432,2420
2420,2433
2433,2420
2421,2434
2434,2421
2421,2435
2435,2421
2421,2436
2436,2421
2421,2437
2437,2421
2421,2438
2438,2421
2421,2439
2439,2421
2421,2440
2440,2421
2421,2441
2441,2421
2422,2442
2442,2422
2422,2443
2443,2422
2422,2444
2444,2422
2422,2445
2445,2422
2422,2446
2446,2422
2423,2447
2447,2423
2423,2448
2448,2423
2423,2449
2449,2423
2423,2450
2450,2423
2423,2451
2451,2423
2423,2452
2452,2423
2423,2453
2453,2423
2423,2454
2454,2423
2423,2455
2455,2423
2423,2456
2456,2423
2423,2457
2457,2423
2424,2458
2458,2424
2424,2459
2459,2424
2460,2461
2461,2460
2460,2462
2462,2460
2460,2463
2463,2460
2460,2464
2464,2460
2460,2465
2465,2460
2461,2462
2462,2461
2461,2463
2463,2461
2461,2464
2464,2461
2461,2465
2465,2461
2462,2463
2463,2462
2462,2464
2464,2462
2462,2465
2465,2462
2463,2464
2464,2463
2463,2465
2465,2463
2464,2465
2465,2464
2460,2466
2466,2460
2460,2467
2467,2460
2460,2468
2468,2460
2460,2469
2469,2460
2461,2470
2470,2461
2461,2471
2471,2461
2461,2472
2472,2461
2461,2473
2473,2461
2461,2474
2474,2461
2462,2475
2475,2462
2462,2476
2476,2462
2462,2477
2477,2462
2462,2478
2478,2462
2462,2479
2479,2462
2462,2480
2480,2462
2462,2481
2481,2462
2462,2482
2482,2462
2463,2483
2483,2463
2463,2484
2484,2463
2463,2485
2485,2463
2463,2486
2486,2463
2463,2487
2487,2463
2464,2488
2488,2464
2464,2489
2489,2464
2464,2490
2490,2464
2464,2491
2491,2464
2464,2492
2492,2464
2464,2493
2493,2464
2464,2494
2494,2464
2464,2495
2495,2464
2464,2496
2496,2464
2464,2497
2497,2464
2464,2498
2498,2464
2465,2499
2499,2465
2465,2500
2500,2465
2501,2502
2502,2501
2501,2503
2503,2501
2501,2504
2504,2501
2501,2505
2505,2501
2501,2506
2506,2501
2502,2503
2503,2502
2502,2504
2504,2502
2502,2505
2505,2502
2502,2506
2506,2502
2503,2504
2504,2503
2503,2505
2505,2503
2503,2506
2506,2503
2504,2505
2505,2504
2504,2506
2506,2504
2505,2506
2506,2505
2501,2507
2507,2501
2501,2508
2508,2501
2501,2509
2509,2501
2501,2510
2510,2501
2502,2511
2511,2502
2502,2512
2512,2502
2502,2513
2513,2502
2502,2514
2514,2502
2502,2515
2515,2502
2503,2516
2516,2503
2503,2517
2517,2503
2503,2518
2518,2503
2503,2519
2519,2503
2503,2520
2520,2503
2503,2521
2521,2503
2503,2522
2522,2503
2503,2523
2523,2503
2504,2524
2524,2504
2504,2525
2525,2504
2504,2526
2526,2504
2504,2527
2527,2504
2504,2528
2528,2504
2505,2529
2529,2505
2505,2530
2530,2505
2505,2531
2531,2505
2505,2532
2532,2505
2505,2533
2533,2505
2505,2534
2534,2505
2505,2535
2535,2505
2505,2536
2536,2505
2505,2537
2537,2505
2505,2538
2538,2505
2505,2539
2539,2505
2506,2540
2540,2506
2506,2541
2541,2506
2542,2543
2543,2542
2542,2544
2544,2542
2542,2545
2545,2542
2542,2546
2546,2542
2542,2547
2547,2542
2543,2544
2544,2543
2543,2545
2545,2543
2543,2546
2546,2543
2543,2547
2547,2543
2544,2545
2545,2544
2544,2546
2546,2544
2544,2547
2547,2544
2545,2546
2546,2545
2545,2547
2547,2545
2546,2547
2547,2546
2542,2548
2548,2542
2542,2549
2549,2542
2542,2550
2550,2542
2542,2551
2551,2542
2543,2552
2552,2543
2543,2553
2553,2543
2543,2554
2554,2543
2543,2555
2555,2543
2543,2556
2556,2543
2544,2557
2557,2544
2544,2558
2558,2544
2544,2559
2559,2544
2544,2560
2560,2544
2544,2561
2561,2544
2544,2562
2562,2544
2544,2563
2563,2544
2544,2564
2564,2544
2545,2565
2565,2545
2545,2566
2566,2545
2545,2567
2567,2545
2545,2568
2568,2545
2545,2569
2569,2545
2546,2570
2570,2546
2546,2571
2571,2546
2546,2572
2572,2546
2546,2573
2573,2546
2546,2574
2574,2546
2546,2575
2575,2546
2546,2576
2576,2546
2546,2577
2577,2546
2546,2578
2578,2546
2546,2579
2579,2546
2546,2580
2580,2546
2547,2581
2581,2547
2547,2582
2582,2547
2583,2584
2584,2583
2583,2585
2585,2583
2583,2586
2586,2583
2583,2587
2587,2583
2583,2588
2588,2583
2584,2585
2585,2584
2584,2586
2586,2584
2584,2587
2587,2584
2584,2588
2588,2584
2585,2586
2586,2585
2585,2587
2587,2585
2585,2588
2588,2585
2586,2587
2587,2586
2586,2588
2588,2586
2587,2588
2588,2587
2583,2589
2589,2583
2583,2590
2590,2583
2583,2591
2591,2583
2583,2592
2592,2583
2584,2593
2593,2584
2584,2594
2594,2584
2584,2595
2595,2584
2584,2596
2596,2584
2584,2597
2597,2584
2585,2598
2598,2585
2585,2599
2599,2585
2585,2600
2600,2585
2585,2601
2601,2585
2585,2602
2602,2585
2585,2603
2603,2585
2585,2604
2604,2585
2585,2605
2605,2585
2586,2606
2606,2586
2586,2607
2607,2586
2586,2608
2608,2586
2586,2609
2609,2586
2586,2610
2610,2586
2587,2611
2611,2587
2587,2612
2612,2587
2587,2613
2613,2587
2587,2614
2614,2587
2587,2615
2615,2587
2587,2616
2616,2587
2587,2617
2617,2587
2587,2618
2618,2587
2587,2619
2619,2587
2587,2620
2620,2587
2587,2621
2621,2587
2588,2622
2622,2588
2588,2623
2623,2588
